[
  {
    "id": "U99999999",
    "team_id": "T00000000",
    "name": "btidor",
    "deleted": false,
    "color": "2b6836",
    "real_name": "Benjamin Tidor",
    "tz": "America/Los_Angeles",
    "tz_label": "Pacific Standard Time",
    "tz_offset": -28800,
    "profile": {
      "title": "",
      "phone": "",
      "skype": "",
      "real_name": "Benjamin Tidor",
      "real_name_normalized": "Benjamin Tidor",
      "display_name": "btidor",
      "display_name_normalized": "btidor",
      "fields": {},
      "status_text": "",
      "status_emoji": "",
      "status_emoji_display_info": [],
      "status_expiration": 0,
      "avatar_hash": "ff26a7546aa5",
      "is_custom_image": true,
      "first_name": "Benjamin",
      "last_name": "Tidor",
      "status_text_canonical": "",
      "team": "T00000000"
    },
    "is_admin": false,
    "is_owner": false,
    "is_primary_owner": false,
    "is_restricted": false,
    "is_ultra_restricted": false,
    "is_bot": false,
    "is_app_user": false,
    "updated": 1640090000,
    "is_email_confirmed": true,
    "who_can_share_contact_card": "EVERYONE"
  }
]
