[
    {
        "client_msg_id": "20848668-047f-44b9-a314-0d1f44ed8d5c",
        "type": "message",
        "text": "hello, world!",
        "user": "U99999999",
        "ts": "1639689324.012300",
        "team": "T00000000",
        "user_team": "T00000000",
        "source_team": "T00000000",
        "user_profile": {
            "avatar_hash": "ff26a7546aa5",
            "first_name": "Benjamin",
            "real_name": "Benjamin Tidor",
            "display_name": "btidor",
            "team": "T00000000",
            "name": "btidor",
            "is_restricted": false,
            "is_ultra_restricted": false
        },
        "blocks": [
            {
                "type": "rich_text",
                "block_id": "abCD",
                "elements": [
                    {
                        "type": "rich_text_section",
                        "elements": [
                            {
                                "type": "text",
                                "text": "hello, world!"
                            }
                        ]
                    }
                ]
            }
        ]
    }
]
